omega_d_GHz,max_prob_1,avg_prob_1
4.7,0.16785679596076442,0.05473695729304355
4.702500000000001,0.17156090309703664,0.056275752677449324
4.705,0.17528780042044934,0.05790886740406488
4.7075000000000005,0.17903715293626732,0.0596094029775413
4.71,0.1831330619138798,0.061372994355691046
4.7125,0.18743780806745458,0.06319163869918536
4.715,0.19177531786362434,0.06506295074798546
4.7175,0.19614469532707313,0.06697496318543229
4.72,0.20054485880070871,0.06890017310309075
4.7225,0.20497465420256222,0.07079598628043497
4.7250000000000005,0.2100765292020792,0.07261116857327697
4.7275,0.2156677425160617,0.07430007502286051
4.73,0.22130929891919204,0.07583610776088318
4.7325,0.2269982858222338,0.07721927701198947
4.735,0.2327319941493582,0.07849055898281707
4.7375,0.23850782140425786,0.07970866766224287
4.74,0.2443226706618371,0.0809570030542426
4.742500000000001,0.25017384635357764,0.08232316407632877
4.745,0.25605904830618986,0.08388151405803665
4.7475000000000005,0.26197428963477676,0.08568240615853036
4.75,0.2679168324504241,0.08774584175643661
4.7525,0.27388472245827655,0.09005938681933047
4.755,0.2798744754480049,0.09259027287546814
4.7575,0.2858827733264122,0.09529676447554138
4.76,0.2919074613086847,0.09813899573380667
4.7625,0.2979451195802698,0.10108968823284961
4.765000000000001,0.30403238066273786,0.10413544144375701
4.7675,0.31226590697872014,0.10727085370672317
4.7700000000000005,0.3205534157114711,0.11049105013898118
4.7725,0.32888994155170226,0.11378203234385291
4.775,0.3372718891276433,0.11710845348934454
4.7775,0.34569134139666446,0.12043488021281182
4.78,0.3541465517502075,0.12369224682811789
4.7825,0.36262999740796553,0.12680799045591193
4.785,0.37113952632022995,0.12972908008853892
4.7875000000000005,0.37966786245887296,0.1324227103897485
4.79,0.3882101297036694,0.13488703678977038
4.7925,0.39676135601654405,0.13715649321293644
4.795,0.40531805865460746,0.13929675632806246
4.7975,0.41387364485275624,0.141400568705183
4.8,0.42242433049960115,0.14356754657886844
4.8025,0.4309648627253577,0.14589949370894392
4.805000000000001,0.440018195483579,0.1484824995365222
4.8075,0.4502798085916182,0.15137839403966882
4.8100000000000005,0.4605428315618314,0.1546196332669239
4.8125,0.4707980286012088,0.15821479681184134
4.815,0.4810365787333388,0.16213171679149974
4.8175,0.4915067397405398,0.16634032923453626
4.82,0.5025849044530745,0.17077985389323072
4.8225,0.5136441032924247,0.17540935340075053
4.825,0.5246762250316834,0.1801852805149753
4.827500000000001,0.5356771446030993,0.18508543649625894
4.83,0.546638121448431,0.19008892131959879
4.8325000000000005,0.5575497710542163,0.1951856143140396
4.835,0.569799271805775,0.20036722735565426
4.8375,0.5824667405144607,0.20562234123413595
4.84,0.5950564214977772,0.2109238764091865
4.8425,0.6075559574169144,0.21625048073878525
4.845,0.6199528410994833,0.2215622717355448
4.8475,0.6322333030298896,0.2268208123987614
4.8500000000000005,0.6443906794071563,0.23196866068605768
4.8525,0.6564187004258556,0.236957476604076
4.855,0.668290417540777,0.24173978739615198
4.8575,0.6800085767382058,0.2462728064939538
4.86,0.6915532587598017,0.25053649575180154
4.8625,0.7029057708689205,0.25451538692624154
4.865,0.7140826168103489,0.25821695500876074
4.867500000000001,0.7250623205013157,0.2616706405151792
4.87,0.735983919508136,0.26489927989028555
4.8725000000000005,0.7483835681067434,0.26795947202107395
4.875,0.7605415316112274,0.2708758266129375
4.8775,0.7724416381652923,0.2737149558444623
4.88,0.7840514004815453,0.27649751090181757
4.8825,0.7953754349780892,0.2792763375664992
4.885,0.8063933238636454,0.2820763113102315
4.8875,0.817210523991804,0.28493529369012793
4.890000000000001,0.8283557789630719,0.28786087394655
4.8925,0.839183285917408,0.2908719516637541
4.8950000000000005,0.8496729523131913,0.2939534851295095
4.8975,0.8598389840504935,0.29712696349313755
4.9,0.869623010340264,0.3003473792003215
4.9025,0.8790629523618843,0.3036166085719453
4.905,0.8884642512536085,0.306895439103206
4.907500000000001,0.8980749088432504,0.310179087871902
4.91,0.9071967743084218,0.31344470515414435
4.9125000000000005,0.915823549963744,0.31662694370522104
4.915,0.9239586770595779,0.3197777575243201
4.9175,0.9315720021371694,0.32282273828066643
4.92,0.9386715403336499,0.32575559366575874
4.9225,0.9452438420637673,0.3285492127650198
4.925,0.9513034342768388,0.3311914739667897
4.9275,0.956838316028035,0.33366457047611575
4.930000000000001,0.9618496963845439,0.33595286105963357
4.9325,0.9663221776599791,0.33803560392925736
4.9350000000000005,0.9702721059171776,0.3399173280702611
4.9375,0.9736922373463136,0.34158813610726063
4.94,0.9765816361502636,0.3430360616869977
4.9425,0.9789443418280872,0.34424487740597276
4.945,0.9807786038560115,0.34521747860331337
4.9475,0.9820837150395909,0.34592863941601343
4.95,0.9828656150228198,0.3464054736788572
4.952500000000001,0.9831178938001137,0.34662247420415404
4.955,0.9828496870654468,0.34659427086449207
4.9575000000000005,0.9820637098807931,0.34630933795541025
4.96,0.9807574306778044,0.3457804636174176
4.9625,0.9789337699659725,0.34500117110074846
4.965,0.9765968025055417,0.34397241365569664
4.9675,0.9737465006385406,0.34270191413655066
4.970000000000001,0.9703872557262085,0.3411950269019867
4.9725,0.966518619524985,0.3394582646126346
4.9750000000000005,0.9623471595789691,0.33749653628443316
4.9775,0.9576993885834653,0.33531401646620973
4.98,0.9525162785495276,0.3329420693922118
4.9825,0.9468075831090198,0.330387029307688
4.985,0.9405732643561036,0.3276375179418357
4.9875,0.9338235490015943,0.3247222722218006
4.99,0.9265516065211099,0.3216754252686574
4.9925,0.9187854110803809,0.3184748157383135
4.995,0.9105182899902846,0.31519068892952834
4.9975000000000005,0.9017598003287447,0.3117955610921674
5.0,0.892528436503224,0.308347906141924
5.0025,0.8828325010192742,0.30485969578609073
5.005,0.8726848187982951,0.3013507924054541
5.0075,0.8620953105731377,0.29784017958788284
5.01,0.851090003093533,0.294357116980843
5.0125,0.8396874489311597,0.2909112229754215
5.015000000000001,0.8294107321783453,0.2875341629354969
5.0175,0.8192080295424807,0.2842208960268618
5.0200000000000005,0.8087349520703127,0.2810070058621731
5.0225,0.7979465628053488,0.2778751782158844
5.025,0.7868570292161903,0.2748270650728468
5.0275,0.7754796978364767,0.27182912044448665
5.03,0.7638255224100413,0.2688738515763751
5.032500000000001,0.7519072849761265,0.26590906869976805
5.035,0.7397393433065411,0.2629162544015787
5.0375000000000005,0.7273312649886651,0.25983933354722283
5.04,0.7147023216473448,0.2566441121216596
5.0425,0.7018668037003832,0.25329077813296597
5.045,0.6888353717748459,0.24973188781783356
5.0475,0.6756275915310276,0.2459512882979242
5.05,0.6637281280210573,0.24189775360972968
5.0525,0.6525800885634421,0.237588837379091
5.055,0.6412894672259181,0.23303184951055764
5.0575,0.6298683894357128,0.22822721909656662
5.0600000000000005,0.6183245665311101,0.22323530434003655
5.0625,0.6066691069221757,0.21810051699473587
5.065,0.5949114000419506,0.21285657085173343
5.0675,0.5830613982806246,0.20756217159916474
5.07,0.5711305832003347,0.20226419415868435
5.0725,0.5591300979231826,0.1970044243548913
5.075,0.5470671056368251,0.1917863298353277
5.077500000000001,0.5349477869517709,0.18664606281202878
5.08,0.5228049374250333,0.1816021551883805
5.0825000000000005,0.5106266413529622,0.17665194727044561
5.085,0.49843320030061156,0.1718077011625546
5.0875,0.4880056197721103,0.16709009958710747
5.09,0.4780492964448876,0.1625174970824732
5.0925,0.4680797969349719,0.15813186141738078
5.095000000000001,0.458099395434341,0.1539698816234964
5.0975,0.44811379197991774,0.1500785406237931
5.1000000000000005,0.4381340953759991,0.14650083830273772
5.1025,0.42816026548363406,0.14326053914704895
5.105,0.41820364546827593,0.14035906729705372
5.1075,0.40826306811982715,0.1377630124632996
5.11,0.39835932308552535,0.13541777350728024
5.1125,0.38848436279543896,0.13324129527982653
5.115,0.37864912360090597,0.13113047778186293
5.1175,0.368860042222924,0.12900240129877408
5.12,0.3603323717122531,0.12676143926837002
5.1225000000000005,0.35281918386496924,0.12434736322774065
5.125,0.3453179149410235,0.12172762248058011
5.1275,0.3378246325107648,0.11890353938756948
5.13,0.3303630274073932,0.11588983234256875
5.1325,0.3229208106120738,0.11275157984199495
5.135,0.3155092181021605,0.10954726752270216
5.1375,0.30812664539120893,0.1063375639947456
5.140000000000001,0.3007808618593416,0.10316300252830536
5.1425,0.2934745437187254,0.10005689072193245
5.1450000000000005,0.2862122598840773,0.09704042281142038
5.1475,0.2789981712962111,0.09410897933325055
5.15,0.2718366566186683,0.09126909626447698
5.1525,0.26472910745398637,0.0885368112690704
5.155,0.2576853878517781,0.08593087168487674
5.157500000000001,0.2507007101660196,0.08348910252383573
5.16,0.2444317172235737,0.08124761159389202
5.1625000000000005,0.23907938816671903,0.0792408021068765
5.165,0.23375998318777547,0.07747799500811037
5.1675,0.22847690002072008,0.07594783204970494
5.17,0.22322828037424347,0.07460590002704987
5.1725,0.21801976512846755,0.07337962811338486
5.175,0.21285062881434835,0.07219534563049504
5.1775,0.20772297175648857,0.07096715381055883
5.18,0.2026385355528506,0.06963932753339827
5.1825,0.19759877202781118,0.06818032535372445
5.1850000000000005,0.1926056287901723,0.06658381141211628
5.1875,0.1876609146636472,0.06487059034331609
5.19,0.18276590567936812,0.06308408867587066
5.1925,0.17793496220879734,0.06126860005345519
5.195,0.1733304885374125,0.05945517592476808
5.1975,0.16910939039566475,0.05769470410482633
5.2,0.16571264327464152,0.0559779391426993
