time_ns,exp_x_rot,exp_y_rot,exp_z,p1_meas
0.0,0.0,-0.0,-1.0,0.0
0.04005340453938585,-0.06420541014476377,-0.0372111523533705,-0.9972426989827069,0.0
0.0801068090787717,-0.08333285765510626,-0.015140502561691596,-0.9964067841254457,0.0
0.12016021361815754,-0.17351805927753058,-0.012967501216371385,-0.9847452807078245,0.0
0.1602136181575434,-0.1947765608061521,-0.03783431009289506,-0.9801176232789267,0.0
0.20026702269692925,-0.2535103841145338,-0.00027758240501727337,-0.9673322808497928,0.0
0.24032042723631508,-0.3186552924018954,-0.034290013970739636,-0.9472496509294916,0.0
0.28037383177570097,-0.33473118984693095,-0.016616758610300153,-0.9421656952656373,0.0
0.3204272363150868,-0.4185199225317597,-0.010533827367695786,-0.9081439175301823,0.00390625
0.3604806408544726,-0.4405279028693563,-0.035981390582124344,-0.8970127767383425,0.0
0.4005340453938585,-0.4902515308873269,-0.0010909748126845253,-0.8715723655395013,0.00390625
0.44058744993324434,-0.5513226589003025,-0.029524248382036933,-0.8337564009351369,0.0078125
0.48064085447263016,-0.5639423895525211,-0.017017120677519038,-0.8256186087844504,0.0
0.520694259012016,-0.6355620206219116,-0.008263775762888836,-0.771974349153046,0.03125
0.5607476635514019,-0.656469035408484,-0.03169558921633031,-0.7536402675211508,0.00390625
0.6008010680907877,-0.6948158535404163,-0.002275163445798256,-0.7191176112545857,0.015625
0.6408544726301736,-0.7466794242621819,-0.023488471725769178,-0.6646703515169354,0.015625
0.6809078771695595,-0.755762826073717,-0.016034873208090827,-0.6545152954055062,0.05078125
0.7209612817089452,-0.810515488952225,-0.006484099582319547,-0.5854865703112331,0.046875
0.7610146862483311,-0.8280690085502859,-0.02525943705001457,-0.5597902142980506,0.03515625
0.801068090787717,-0.8539151364652061,-0.003587629465443276,-0.5200395583994137,0.0703125
0.8411214953271028,-0.891800178379709,-0.016842369702745608,-0.45159132406582037,0.078125
0.8811748998664887,-0.8974485942753954,-0.013507810017420796,-0.4402446751817284,0.11328125
0.9212283044058746,-0.9320989231413568,-0.005403944903711877,-0.36116771636861,0.078125
0.9612817089452603,-0.9438244916287468,-0.01717436737573725,-0.32866061067114233,0.1015625
1.0013351134846462,-0.9572391876501012,-0.004746056865677889,-0.28742945907296696,0.1328125
1.041388518024032,-0.9772136989965187,-0.01025272287607859,-0.2090010739342707,0.1640625
1.081441922563418,-0.9795739053763319,-0.009451858490242881,-0.19708946135358418,0.15625
1.1214953271028039,-0.9925919858814221,-0.00509783917271428,-0.11390160693123619,0.1171875
1.1615487316421895,-0.9960411114938724,-0.008111536456521035,-0.07595356369917583,0.234375
1.2016021361815754,-0.9981206788803094,-0.005478576654259659,-0.03655048380514797,0.20703125
1.2416555407209613,-0.997513042981758,-0.004322433346058752,0.04673425290781669,0.265625
1.2817089452603472,-0.9966758372503678,-0.0040785066046227225,0.05871785667724799,0.28125
1.321762349799733,-0.9883072736764953,-0.0055065733915218296,0.1400181281569437,0.328125
1.361815754339119,-0.9813501254760771,0.0011579061779080566,0.18120043163369998,0.37890625
1.4018691588785048,-0.9739670660851456,-0.0055661193165129075,0.2161508255242922,0.39453125
1.4419225634178905,-0.9516779808219265,0.0004755848349773384,0.298477790659011,0.4296875
1.4819759679572764,-0.947630043875981,0.0022214299830288775,0.3100756243605913,0.44140625
1.5220293724966623,-0.9197999327721338,-0.0064564734523569756,0.3839547517426705,0.4765625
1.5620827770360481,-0.9009371365434,0.009843239633133993,0.42541414108472486,0.53125
1.602136181575434,-0.8864363581754078,-0.004890721962813149,0.4541108350625836,0.49609375
1.64218958611482,-0.8431074477982492,0.003837082866262387,0.5294756273805752,0.59765625
1.6822429906542056,-0.8357467655325649,0.008904075786919374,0.5401594668588481,0.53125
1.7222963951935915,-0.7918032535116342,-0.007697718490402239,0.6020087274953094,0.6171875
1.7623497997329773,-0.760436012653883,0.017217106869525364,0.6402307232159625,0.6640625
1.8024032042723632,-0.741330302996068,-0.0034563846722459046,0.6617264953819435,0.6796875
1.842456608811749,-0.6793536585908346,0.005649516909932428,0.7244709354975314,0.75
1.882510013351135,-0.6685624885710317,0.015330985442137235,0.7335561963349424,0.74609375
1.9225634178905207,-0.6129018110273927,-0.008949600207980996,0.7800407155262604,0.76953125
1.9626168224299065,-0.5695398358690974,0.022689827371027746,0.8112427210475819,0.84375
2.0026702269692924,-0.5482298172882505,-0.0014061426773418761,0.8253753600568804,0.8671875
2.0427236315086783,-0.4715784194782256,0.005988347108817044,0.8707062365722871,0.890625
2.082777036048064,-0.45734102108440944,0.020835120125591244,0.8773090546316038,0.88671875
2.12283044058745,-0.39494920370980324,-0.009947231158311785,0.9065752921394205,0.92578125
2.162883845126836,-0.34131524889415227,0.025870193447236414,0.9270652159027125,0.9140625
2.202937249666222,-0.319873546605573,0.000991079265052569,0.9343113669715489,0.9375
2.2429906542056077,-0.23377959310561192,0.005091440670988226,0.9587462028487626,0.9453125
2.2830440587449936,-0.21632285990728004,0.02479851213029853,0.9618000197998418,0.95703125
2.323097463284379,-0.15229078367969484,-0.010485741372227318,0.9735279084179408,0.98046875
2.363150867823765,-0.09129832297964718,0.02660040277240864,0.9800963606686199,0.98046875
2.403204272363151,-0.07133401072516693,0.0033680562055958124,0.9813779069310861,0.984375
2.4432576769025367,0.018159152087384216,0.003314645579069446,0.983071103735839,0.984375
2.4833110814419226,0.03823398787767693,0.026723759178869592,0.9814085108079291,0.984375
2.5233644859813085,0.099172615440441,-0.010453131959240603,0.9767119756480661,0.98046875
2.5634178905206944,0.1635767704670986,0.02496558029977175,0.9670139989862382,0.9609375
2.6034712950600802,0.18096622366496035,0.005303656239371651,0.9634901884815608,0.9765625
2.643524699599466,0.26753445783402174,0.0010756217592789996,0.9424045181222379,0.95703125
2.683578104138852,0.28915560317614797,0.0262949252074638,0.9348990724181504,0.94921875
2.723631508678238,0.3430160272508268,-0.009849378315661933,0.9160948841609635,0.94140625
2.7636849132176238,0.40613584757124566,0.02127472001613398,0.8889757220993013,0.8984375
2.8037383177570097,0.42033212129580283,0.006377976521329126,0.8818528874957632,0.87109375
2.843791722296395,0.49792686747208725,-0.0012061459199052826,0.8397584142189333,0.87109375
2.883845126835781,0.5195183667311745,0.023420092906123707,0.8255098597977951,0.85546875
2.923898531375167,0.5633497064123513,-0.008784949486110694,0.7957887499901175,0.80859375
2.9639519359145527,0.6201301655055134,0.016019282296694443,0.7515116842247433,0.76171875
3.0040053404539386,0.6308983064266127,0.00623294243558592,0.7418964759449113,0.74609375
3.0440587449933245,0.6942747750142215,-0.0031640242404004093,0.6821972779381725,0.70703125
3.0841121495327104,0.713803815765883,0.01824945441313322,0.6607344540605374,0.70703125
3.1241655540720963,0.7458452992043303,-0.007463056575013227,0.6237767221800417,0.62890625
3.164218958611482,0.7913295543458145,0.009811025184385147,0.5641200719366177,0.61328125
3.204272363150868,0.79868560527243,0.004627613333894165,0.5529328918245343,0.61328125
3.244325767690254,0.8438475976728395,-0.004527993983804546,0.48034059459022727,0.5625
3.28437917222964,0.858956577833778,0.011165438823604337,0.45181057675359837,0.48828125
3.3244325767690257,0.8786587094184242,-0.006146413465594358,0.411392272222496,0.5078125
3.364485981308411,0.9084696766391211,0.0033112976275591066,0.3395963248905267,0.42578125
3.404539385847797,0.9125394735652628,0.0014817753237599818,0.3275504767674928,0.5078125
3.444592790387183,0.9370567474508045,-0.0051541853016199846,0.24763971906047177,0.38671875
3.484646194926569,0.9452748024650036,0.0027473577501354388,0.2129508407287501,0.33203125
3.5246995994659547,0.9531946572943466,-0.005113195310342766,0.1725842124046031,0.34375
3.5647530040053406,0.9639829438292272,-0.002846736594683985,0.0931453180002253,0.3125
3.6048064085447264,0.9648828599189583,-0.0030987919828405763,0.08078602422852316,0.25390625
3.6448598130841123,0.9680547493534504,-0.005033893023171587,-0.0005202923630109324,0.2109375
3.684913217623498,0.9670678779449237,-0.006290535318966267,-0.03963100667901509,0.171875
3.724966622162884,0.9646618900216334,-0.004613514736838575,-0.07698660087596815,0.1953125
3.76502002670227,0.954474307636983,-0.00812533317200792,-0.15865989179498768,0.17578125
3.805073431241656,0.9522356576412465,-0.008822222639916444,-0.1708726755571029,0.1796875
3.8451268357810413,0.9350818328099013,-0.004282904134396082,-0.24783409463999506,0.1171875
3.885180240320427,0.9230355660658967,-0.015171332140706616,-0.2888296123500659,0.15234375
3.925233644859813,0.9123871990930483,-0.004820345414130511,-0.32096095497182714,0.13671875
3.965287049399199,0.8809173930016079,-0.01213216294586622,-0.3989997715068812,0.04296875
4.005340453938585,0.8754672842297397,-0.015225024692103073,-0.41058782142816647,0.05078125
4.045393858477971,0.8405573113794357,-0.003110939525281381,-0.47813935947239944,0.04296875
4.085447263017357,0.8163486905130105,-0.023135129000013646,-0.5178178917392593,0.0625
4.125500667556742,0.7998623320400624,-0.00579404247095211,-0.5433441861012221,0.05859375
4.165554072096128,0.7485422287826837,-0.014656660829260593,-0.611934570931985,0.06640625
4.205607476635514,0.7397504424262411,-0.021721676149293212,-0.6223037723806579,0.03515625
4.2456608811749,0.6908960576758068,-0.0017843685004920035,-0.6764616444903124,0.0234375
4.285714285714286,0.6544179282758693,-0.029522319015860582,-0.7111937216690136,0.015625
4.325767690253672,0.6345297363396849,-0.007466473039388244,-0.7295490245588295,0.015625
4.365821094793057,0.5664568237785619,-0.015676330024774476,-0.7834588290022102,0.01171875
4.405874499332444,0.5542296452230369,-0.02766030229854921,-0.7918325900624598,0.01953125
4.445927903871829,0.49606905330703327,-0.0005771654252165054,-0.8299754675440716,0.01953125
4.4859813084112155,0.44836959109546276,-0.0338375793093509,-0.8560248928494156,0.00390625
4.526034712950601,0.42729828048541396,-0.009635520140155396,-0.8673518538929919,0.0
4.566088117489987,0.3469983924585772,-0.015344255000730445,-0.9024140149395363,0.0
4.606141522029373,0.3314096166226216,-0.032397333123627095,-0.9078178841359485,0.0
4.646194926568758,0.26894053833390935,0.0002738605633326764,-0.9288203433894785,0.0
4.686248331108144,0.21227111360325607,-0.035799798807602395,-0.9427183784244811,0.0
4.72630173564753,0.19184278437265834,-0.011985137269123133,-0.9476994596999706,0.0
4.766355140186916,0.1048897878441176,-0.013953980501842156,-0.961201231364024,0.00390625
4.806408544726302,0.08631897760355936,-0.03537066212023267,-0.9625102162017173,0.00390625
4.846461949265688,0.024426443956484013,0.0006077585146161781,-0.9667234084115008,0.0
4.886515353805073,-0.03784253613429746,-0.03536569496199676,-0.965656201441545,0.0
4.92656875834446,-0.05628707679057263,-0.014122209550467706,-0.965313591801664,0.0
4.966622162883845,-0.14375510903844319,-0.011890664573521302,-0.95625011675033,0.0
5.0066755674232315,-0.16450623117782126,-0.036167306860895476,-0.952299277208757,0.0
5.046728971962617,-0.2214763637553213,0.00036569059336544196,-0.9413898629127009,0.0
5.086782376502003,-0.28507071206331647,-0.0327246333713028,-0.9235544650350328,0.0
5.126835781041389,-0.30068413857278364,-0.015624344171461135,-0.9190511957426094,0.0
5.166889185580774,-0.3825053395896921,-0.009571221943584785,-0.8882165325033784,0.00390625
5.2069425901201605,-0.4041438835252919,-0.03457442892228436,-0.8779642722547635,0.0
5.246995994659546,-0.4527240705608106,-0.00039880193387873547,-0.8546382906801204,0.00390625
5.287049399198932,-0.5127978515413341,-0.028269853186368543,-0.8195235940262214,0.0234375
5.327102803738318,-0.5251622040465054,-0.016099203565609288,-0.8119949699704303,0.00390625
5.367156208277704,-0.5956920699732035,-0.007389744097787226,-0.7619014306932237,0.03515625
5.4072096128170895,-0.6164370798711489,-0.030612302352121104,-0.7446243796760945,0.00390625
5.447263017356476,-0.654261158098675,-0.0015308690108798706,-0.7122738495968242,0.0234375
5.487316421895861,-0.7058174207407752,-0.022547667814388384,-0.6608283693703957,0.0234375
5.5273698264352475,-0.7148295950671439,-0.015241883841003834,-0.6512651408959304,0.03125
5.567423230974633,-0.7694283894621508,-0.005665278536494511,-0.5858996574046129,0.05078125
5.607476635514019,-0.7870975897120669,-0.02453768365942434,-0.5613908055908059,0.046875
5.647530040053405,-0.8129918658005919,-0.0027975848394083125,-0.5237067719142787,0.078125
5.68758344459279,-0.8513495089664763,-0.016189991460328956,-0.45836697553857275,0.09375
5.7276368491321765,-0.8570842791610399,-0.012884445644210263,-0.44756160349179025,0.078125
5.767690253671562,-0.8925008486945221,-0.004606069902902743,-0.3720058815614654,0.0859375
5.807743658210948,-0.9046795031994078,-0.01682255404368048,-0.34074390273961996,0.08984375
5.847797062750334,-0.9186239312268148,-0.003926348793815926,-0.3013408757900233,0.125
5.88785046728972,-0.9398840693938082,-0.009841774401339654,-0.2259082849938312,0.16796875
5.9279038718291055,-0.9424630945310657,-0.009030995769616246,-0.21446422353349032,0.15625
5.967957276368492,-0.9570798212423656,-0.00428988105725614,-0.13441945256458632,0.2421875
6.008010680907877,-0.9613593944873022,-0.00810565111626915,-0.09767806152980374,0.171875
6.048064085447264,-0.964335052769257,-0.004651065257478049,-0.05976998459054084,0.23046875
6.088117489986649,-0.9657904328136604,-0.004088519067599938,0.020857655204261194,0.2578125
6.128170894526035,-0.9652820860413508,-0.0038740625354872216,0.032464288135575003,0.3515625
6.168224299065421,-0.9591966446912432,-0.004665558762024624,0.11119725289560756,0.296875
6.208277703604806,-0.9534625669554583,0.0008708730576366119,0.15132523931488762,0.32421875
6.248331108144193,-0.9472127483166548,-0.004756476297130552,0.18516679751920112,0.328125
6.288384512683578,-0.9276629996894706,0.0006034849836904499,0.2653880606200545,0.375
6.328437917222964,-0.9240370142773076,0.0022168823659509673,0.2767141242154906,0.453125
6.36849132176235,-0.898978405969391,-0.005570780192782704,0.3487457053400467,0.46875
6.408544726301736,-0.8817053413653049,0.009340200066194806,0.38942553495440796,0.4609375
6.4485981308411215,-0.8684488382431645,-0.004122199740223209,0.41741212466909533,0.49609375
6.488651535380508,-0.8283753973369278,0.00392991466929099,0.49140172072622573,0.58203125
6.528704939919893,-0.8215131992658209,0.008721255850759502,0.501934643345449,0.5625
6.56875834445928,-0.7806087360051202,-0.006768297039014104,0.5627361820614475,0.59765625
6.608811748998665,-0.7511345537731614,0.01659310268775044,0.6005729232427346,0.63671875
6.648865153538051,-0.7332697868972797,-0.0027467776632185137,0.6217349657572,0.6796875
6.688918558077437,-0.6748540232044409,0.005770560275128789,0.6839629647518906,0.69921875
6.728971962616822,-0.664619452451752,0.015024271433591752,0.6930364985186266,0.7265625
6.769025367156209,-0.6120362217557999,-0.007986461507771922,0.7392860025790882,0.76953125
6.809078771695594,-0.5707668035668215,0.022048386952436647,0.7706000671051677,0.80859375
6.84913217623498,-0.5506025084731868,-0.0007602450579749509,0.7847263330277751,0.80859375
6.889185580774366,-0.4775748971631016,0.006188306298599233,0.8304633788872408,0.859375
6.929238985313752,-0.46392967200132385,0.020478710674244643,0.8372143162190949,0.828125
6.969292389853138,-0.40443878146401013,-0.008968054475547618,0.867006990850583,0.8359375
7.009345794392524,-0.35295715518115345,0.025313071555737185,0.8881796779584068,0.87890625
7.049399198931909,-0.3324997663379522,0.0015811253759344668,0.8956807569208537,0.90234375
7.089452603471296,-0.24983973799489428,0.00540232902785763,0.9214367019890637,0.9375
7.129506008010681,-0.23297708919804871,0.024478385047014578,0.9248187312947723,0.90234375
7.1695594125500675,-0.17148556987453384,-0.009512435524780236,0.9377280195463503,0.9140625
7.209612817089453,-0.11253962788571077,0.026217665744271777,0.9455819189551719,0.9375
7.249666221628838,-0.09335891197343535,0.00392413753976717,0.9473064677719982,0.94921875
7.289719626168225,-0.006867265009767304,0.003749533024435758,0.9511556938987302,0.96484375
7.32977303070761,0.012656895944726326,0.026530653309738358,0.9500167080514439,0.953125
7.369826435246996,0.07155409641392216,-0.009506966512142827,0.9470083356015699,0.96875
7.409879839786382,0.13419573459449885,0.024827987245233503,0.9391804507453869,0.9453125
7.449933244325768,0.15101697780935705,0.005860956660762681,0.9362160009954287,0.953125
7.489986648865154,0.2352262452365902,0.0016295521572523147,0.9179750999720774,0.9140625
7.53004005340454,0.2563974800752584,0.026315038140596207,0.9111932615214655,0.9140625
7.570093457943925,0.3088010928515311,-0.008946978576418439,0.8944106565314014,0.88671875
7.610146862483312,0.3706169346084993,0.02142763383936025,0.8696741376623726,0.87109375
7.650200267022697,0.3844555451900019,0.006981151792336965,0.863163320766035,0.875
7.690253671562083,0.46049353084004135,-0.0005528507069662847,0.82440254057716,0.84375
7.730307076101469,0.4818025524145097,0.023726231012624777,0.8110655846221045,0.8515625
7.770360480640854,0.5247913368377743,-0.007934870642152043,0.783518594048574,0.8125
7.810413885180241,0.5808798110907775,0.016480327476655926,0.7420118773978185,0.73046875
7.850467289719626,0.5914831535847287,0.0069317695937642365,0.7330094575838875,0.765625
7.8905206942590125,0.6542004133896819,-0.0024407663555339743,0.6768969036578691,0.6875
7.930574098798398,0.6736844547465861,0.018893213355682503,0.6565000431165264,0.703125
7.970627503337784,0.7054743696062908,-0.006664009692833997,0.621697333181837,0.609375
8.01068090787717,0.7509947579962091,0.010570011317876549,0.5650281010336441,0.58984375
8.050734312416555,0.7583541523559023,0.005470291563174745,0.5544154094252973,0.6484375
8.090787716955942,0.803777792331579,-0.0037682190434892293,0.48541144574771883,0.609375
8.130841121495328,0.8191448799042106,0.012171841681234863,0.45804365156806076,0.51953125
8.170894526034713,0.8391188288693031,-0.0053863640851351535,0.41961315993024145,0.48046875
8.210947930574099,0.8697568102076851,0.0043327592514113555,0.3508175565355036,0.4140625
8.251001335113484,0.8739730360208495,0.0025078685338100204,0.33928019121524666,0.4296875
8.291054739652871,0.8996249765952928,-0.004391359264983463,0.26271479080703486,0.359375
8.331108144192257,0.9084561292675569,0.004108542846277513,0.2292018239474612,0.36328125
8.371161548731642,0.91706964003735,-0.004374813208539635,0.19054140587039547,0.375
8.411214953271028,0.9294776279400804,-0.0016177069972380664,0.1138948438445273,0.31640625
8.451268357810415,0.930643722098584,-0.001865230339103574,0.10195847990884288,0.296875
8.4913217623498,0.9357082052465187,-0.004294224091536847,0.02353757373603438,0.32421875
8.531375166889186,0.9357199760226063,-0.0046098266044019565,-0.01448695261937194,0.2734375
8.571428571428571,0.9343091965288549,-0.0038708377251512327,-0.0504925370040587,0.2421875
8.611481975967958,0.9264709767696842,-0.006754050784980925,-0.1298004594830457,0.21484375
8.651535380507344,0.9245979417600061,-0.007375338987295366,-0.14169118045022056,0.1640625
8.69158878504673,0.909925659345229,-0.003583217602025429,-0.21639915872783577,0.1796875
8.731642189586115,0.899258109992665,-0.013235335843393259,-0.25651537846154104,0.171875
8.7716955941255,0.8897797742187354,-0.00404920924133001,-0.2876867353173475,0.1328125
8.811748998664887,0.8612605765061714,-0.010691596046980001,-0.36398335620323824,0.08984375
8.851802403204273,0.8562621642475269,-0.013584721705439784,-0.37536509305986493,0.109375
8.891855807743658,0.8242176020120622,-0.0024574262079160025,-0.4414089526540606,0.0546875
8.931909212283044,0.8017271730857318,-0.02102990266458453,-0.48053575190578485,0.0703125
8.971962616822431,0.7864664378244042,-0.004974730200875521,-0.5054885629555835,0.046875
9.012016021361816,0.7385155831650456,-0.013213064190669588,-0.5731150785614239,0.04296875
9.052069425901202,0.7302440952652405,-0.019928660461462466,-0.583410622358254,0.01953125
9.092122830440587,0.6844143550331561,-0.0011716731221499826,-0.6368555590911866,0.0390625
9.132176234979974,0.6499121900623441,-0.027345389059766995,-0.6714750575885106,0.02734375
9.17222963951936,0.6312024327989347,-0.006586332215016921,-0.6896089131012645,0.01171875
9.212283044058745,0.5666938242697719,-0.014286763838348426,-0.7434314432998883,0.0078125
9.25233644859813,0.5550366410941399,-0.025778314278900233,-0.7518838332814285,0.015625
9.292389853137516,0.4998397351675774,8.493892824333604e-06,-0.790092072998912,0.015625
9.332443257676903,0.45425441215979484,-0.03169134858999115,-0.8165573795157735,0.01171875
9.372496662216289,0.4342359201409852,-0.008695666613416253,-0.8279586979861828,0.00390625
9.412550066755674,0.35744942922091616,-0.014049766954658982,-0.8638411682407156,0.00390625
9.45260347129506,0.3424526737777111,-0.030505369740508576,-0.8694967700849823,0.0078125
9.492656875834447,0.28268738214272193,0.0008525094892804039,-0.8912669135614941,0.00390625
9.532710280373832,0.22811915888850826,-0.033779983628035484,-0.906163643697597,0.0
9.572763684913218,0.20856544193656196,-0.010999893629160873,-0.9114464981311896,0.0
9.612817089452603,0.12482783469078032,-0.012777438278382333,-0.926635570370808,0.0
9.65287049399199,0.10683263938513803,-0.03355685992076273,-0.9283878233596763,0.0
9.692923898531376,0.04722248977561816,0.0012011321898758272,-0.9339464839285914,0.0
9.732977303070761,-0.013129154521991787,-0.03355284206809242,-0.9344698505926883,0.0
9.773030707610147,-0.030903991236125968,-0.013119696167058381,-0.9345851379131683,0.0
9.813084112149532,-0.1156809261950281,-0.010836357594381354,-0.9279662540044629,0.0078125
9.85313751668892,-0.13592352291604315,-0.034520161600217994,-0.9246610988071193,0.0
9.893190921228305,-0.19114529398805907,0.000992780998386164,-0.9155167877181599,0.00390625
9.93324432576769,-0.2531824624223558,-0.031177493516661686,-0.899821163182632,0.0078125
9.973297730307076,-0.2683360952505692,-0.01464441670102265,-0.8958652988569316,0.0
10.013351134846463,-0.3481765179977053,-0.008627140332912675,-0.8680627640183585,0.0
10.053404539385848,-0.36943522233653486,-0.03317390052947322,-0.8586560152646289,0.01171875
10.093457943925234,-0.41685977740744884,0.0002750057703564887,-0.837339926336617,0.0078125
10.13351134846462,-0.475901216819637,-0.027020350049319214,-0.8048181504240756,0.01171875
10.173564753004007,-0.48800452991530363,-0.015188932013475931,-0.7978696485602321,0.015625
10.213618157543392,-0.5573931858231256,-0.0065310224132851535,-0.7511807294246262,0.01171875
10.253671562082777,-0.5779557284768299,-0.02952098889199184,-0.734927417876952,0.0078125
10.293724966622163,-0.6152215234212067,-0.0008062554738475641,-0.7046571586677542,0.00390625
10.333778371161548,-0.6664063020983491,-0.021599909863406985,-0.6561122161936349,0.0234375
10.373831775700936,-0.6753353887606847,-0.014450132460705367,-0.6471172813646102,0.04296875
10.413885180240321,-0.7296946815023139,-0.004860326414288907,-0.5852875738453129,0.03125
10.453938584779706,-0.7474472706957102,-0.023794488458935593,-0.56193598315851,0.04296875
10.493991989319092,-0.7733364695979615,-0.002028283563045158,-0.5262441109450908,0.06640625
10.534045393858479,-0.8120756137817838,-0.015522078801477657,-0.4639268088523123,0.0703125
10.574098798397864,-0.8178806956826923,-0.012255504025532826,-0.45364533176198707,0.0546875
10.61415220293725,-0.8539500570582711,-0.0038211726489052467,-0.3815101104976766,0.09765625
10.654205607476635,-0.8665384388712668,-0.01643691762178113,-0.3514695279805945,0.10546875
10.694259012016023,-0.8809480447746504,-0.003126984618403189,-0.3138402113261497,0.09765625
10.734312416555408,-0.903377932596513,-0.009409015053663705,-0.2413404976714717,0.10546875
10.774365821094793,-0.9061562988321947,-0.008597906742299766,-0.2303530137509165,0.16015625
10.814419225634179,-0.9222396020691627,-0.003495734110770199,-0.15338343205162336,0.12109375
10.854472630173564,-0.9272969841990473,-0.008058174330201439,-0.11783516800013033,0.21875
10.894526034712952,-0.9310982863239865,-0.003842988299350758,-0.08138846567673708,0.2734375
10.934579439252337,-0.9344847996930179,-0.0038306644316504213,-0.0033844378597778224,0.20703125
10.974632843791722,-0.9342860697291957,-0.0036511391216605404,0.00784988282045046,0.2734375
11.014686248331108,-0.9303409244658701,-0.0038396270872774196,0.08404755480979786,0.26953125
11.054739652870495,-0.9257674930147253,0.0006292539648898449,0.12312087257105114,0.3125
11.09479305740988,-0.9205810023751253,-0.003965482347372651,0.1558673150022985,0.33984375
11.134846461949266,-0.903631440900903,0.000754155705266768,0.23398246765806419,0.3984375
11.174899866488651,-0.9004060494713803,0.0022334483130126426,0.24503520366343523,0.43359375
11.214953271028039,-0.8779782414062652,-0.004702749078534768,0.31521474456530907,0.41015625
11.255006675567424,-0.8622294242730686,0.008883064186563441,0.35509784522394083,0.45703125
11.29506008010681,-0.850153567679219,-0.003370619501168348,0.38237066550799126,0.4765625
11.335113484646195,-0.8131968211256632,0.004042327491448394,0.45494889826329055,0.6015625
11.37516688918558,-0.8068129814383276,0.008561695736235886,0.46532334078934623,0.5546875
11.415220293724968,-0.768816027970926,-0.005856759809628409,0.5250388557466599,0.58984375
11.455273698264353,-0.741169189566315,0.01601127419091844,0.5624541588334132,0.65625
11.495327102803738,-0.7244910536391891,-0.0020508186081202306,0.5832649358037696,0.609375
11.535380507343124,-0.6695074950453948,0.005906533878463627,0.6449051344947808,0.66796875
11.575433911882511,-0.659812661233454,0.014739233488512637,0.6539535502137391,0.6796875
11.615487316421897,-0.6101939928573514,-0.007041462429044895,0.6999007541394665,0.74609375
11.655540720961282,-0.5709568278695272,0.021441286258102932,0.7312710674147709,0.76953125
11.695594125500667,-0.5518951615025183,-0.0001268509746411295,0.7453634298129712,0.75390625
11.735647530040055,-0.48238319310365835,0.006396329101518161,0.7914038277658133,0.82421875
11.77570093457944,-0.46931618522736956,0.020138500696994327,0.7982838904528936,0.78125
11.815754339118826,-0.41263737011307333,-0.00800680268613313,0.8285134717901828,0.8359375
11.855807743658211,-0.363259654484061,0.024778918074836134,0.8502944837043741,0.85546875
11.895861148197596,-0.3437556018861395,0.002158903950689628,0.8580169766453976,0.87109375
11.935914552736984,-0.26444941009152506,0.00571462180166446,0.8849658738329624,0.86328125
11.975967957276369,-0.24817148258489363,0.024166103438008388,0.8886519393039064,0.88671875
12.016021361815755,-0.1891600030002285,-0.00855589845674782,0.902638763514471,0.8984375
12.05607476635514,-0.13222991072498103,0.025844668508421837,0.9116878629714875,0.921875
12.096128170894527,-0.11381395502086403,0.004467082511059199,0.9138196205781836,0.90234375
12.136181575433913,-0.030278025681611302,0.004179680534353478,0.9196796590055478,0.87109375
12.176234979973298,-0.011301697307088347,0.026334329823983805,0.9190357203074278,0.9375
12.216288384512684,0.04558499787258433,-0.00857578461361513,0.9176057102008779,0.92578125
12.25634178905207,0.10647178912704822,0.02468609601116325,0.9115465707692962,0.92578125
12.296395193591456,0.12273274377492573,0.006402676835884892,0.9091065423426993,0.89453125
12.336448598130842,0.20459104087910301,0.0021739641671770366,0.8935579184804161,0.9296875
12.376502002670227,0.22530717279761245,0.02631910923872639,0.8874680395978517,0.890625
12.416555407209612,0.2762564046714618,-0.008057413410774608,0.8725993341823365,0.85546875
12.456608811749,0.3367493260464687,0.021562909566112787,0.8501393029926215,0.80859375
12.496662216288385,0.3502290946070683,0.0075651729629006015,0.8442088056560109,0.84375
12.53671562082777,0.42467994584337293,8.770817093969874e-05,0.8086322751044646,0.7890625
12.576769025367156,0.4456915145072529,0.0240028895844683,0.7961741091164551,0.8125
12.616822429906543,0.4878148602556561,-0.007095219917189505,0.7707027478237873,0.7421875
12.656875834445929,0.543163460991642,0.016911622153204214,0.7318628603085762,0.734375
12.696929238985314,0.5535936500891899,0.007606445719105792,0.7234464120275013,0.7421875
12.7369826435247,0.6155851201526433,-0.0017318322777608863,0.6707842440267006,0.671875
12.777036048064087,0.6349984068849079,0.01949412718852689,0.6514219759529412,0.68359375
12.817089452603472,0.6664936234489726,-0.005873400802680603,0.6186905542852968,0.6328125
12.857142857142858,0.7119735704667539,0.011289497443330798,0.564915926975038,0.5859375
12.897196261682243,0.7193229316467631,0.006282264688731165,0.554856730182552,0.59765625
12.937249666221629,0.7649117191758529,-0.00302377617091254,0.48932692731767696,0.52734375
12.977303070761016,0.7805006065316924,0.013122044185088659,0.4630945786967981,0.55859375
13.017356475300401,0.8006881180665641,-0.004635178207720858,0.42658650577018925,0.45703125
13.057409879839787,0.8320518171830497,0.005307864965099107,0.36071704175940905,0.5078125
13.097463284379172,0.8363968139916034,0.0034967842441386843,0.34967340861393237,0.4609375
13.13751668891856,0.8630630127895769,-0.003642422365806197,0.2763683792504777,0.40625
13.177570093457945,0.8724596669386977,0.005405624968984963,0.24401273042844668,0.4296875
13.21762349799733,0.8817007426069431,-0.003643631819863963,0.20701338902382316,0.3515625
13.257676902536716,0.8956074825802637,-0.000438548840425379,0.13311047802615522,0.33984375
13.297730307076103,0.8970199975911406,-0.0006749382839270623,0.12158865675544661,0.3125
13.337783711615488,0.9038418214176069,-0.0035677202045055756,0.04600187221828872,0.26953125
13.377837116154874,0.9047939850686882,-0.0030012227012433425,0.009056782364203875,0.2265625
13.41789052069426,0.9043094816088285,-0.0031385356270187126,-0.025623842716031353,0.25
13.457943925233645,0.8986861098984935,-0.005436529118556077,-0.10258379854462413,0.21484375
13.497997329773032,0.8971611662995072,-0.005978156860773687,-0.114154598247941,0.23828125
13.538050734312417,0.8848312716440312,-0.002896005897359666,-0.1866248127847574,0.1640625
13.578104138851803,0.8754788835237476,-0.011374333157056687,-0.2258533407289645,0.15234375
13.618157543391188,0.8671042837139248,-0.003290389494436552,-0.2560714743944962,0.11328125
13.658210947930575,0.8413971675297345,-0.009301132423692071,-0.3306090006672231,0.11328125
13.69826435246996,0.8368306012948658,-0.011995818237229616,-0.3417804696160432,0.109375
13.738317757009346,0.8075158779345344,-0.0018153640261538706,-0.40629765322164885,0.06640625
13.778371161548732,0.7866773284705233,-0.018997336918536153,-0.44484646992285864,0.0625
13.818424566088119,0.7725832168923557,-0.0041689190780071494,-0.46921693492198036,0.0859375
13.858477970627504,0.7278683640840499,-0.011815461895794188,-0.535827443699169,0.05078125
13.89853137516689,0.7200993184708215,-0.018187445204076225,-0.5460393920899647,0.03515625
13.938584779706275,0.6771729062888976,-0.0005694951706667339,-0.598721099025662,0.03125
13.97863818424566,0.6445831375244893,-0.02523530685253013,-0.6331825096737635,0.02734375
14.018691588785048,0.6270033573017683,-0.005721845902579514,-0.651074144111483,0.015625
14.058744993324433,0.5659406516751677,-0.012936549651828166,-0.7047240646936659,0.015625
14.098798397863819,0.5548375079691341,-0.023943698428693705,-0.7132393274372871,0.02734375
14.138851802403204,0.5025034908945806,0.0005842609526643325,-0.7514370912025397,0.01171875
14.178905206942591,0.4589771065086207,-0.02960195137382006,-0.7782535596709106,0.0234375
14.218958611481977,0.43997454488960047,-0.007771621462562883,-0.789700424420386,0.01171875
14.259012016021362,0.36660613387369806,-0.0127879660269401,-0.8262894113325918,0.0
14.299065420560748,0.35218948681699297,-0.02865404816115716,-0.832175453681799,0.01171875
14.339118825100135,0.2950528682491411,0.0014205970819800798,-0.8546190976533772,0.01171875
14.37917222963952,0.24254505151601014,-0.03180494760357788,-0.8704323587014915,0.0078125
14.419225634178906,0.22384120378452588,-0.010030239375191083,-0.8759839682565373,0.0
14.459279038718291,0.14325458192915222,-0.011627119308806277,-0.892725145029886,0.0
14.499332443257677,0.12582839354873182,-0.031774020577772566,-0.8948944075285299,0.0
14.539385847797064,0.06845427911752436,0.001782523848611777,-0.9016940836152199,0.00390625
14.57943925233645,0.009999179977916271,-0.031771210255578566,-0.9037121127291927,0.0
14.619492656875835,-0.007119404464893002,-0.012131162950794827,-0.9042514451281568,0.0
14.65954606141522,-0.08923414678937322,-0.009802757720569807,-0.899929473736309,0.0
14.699599465954607,-0.10896768757789939,-0.03289218818583217,-0.8972397677255276,0.0
14.739652870493993,-0.16245882197480488,0.0016060678657445664,-0.8897539897491333,0.00390625
14.779706275033378,-0.22293511662012494,-0.029647870185992797,-0.8760938661765909,0.00390625
14.819759679572764,-0.23763258818856647,-0.013675520262527302,-0.8726534413695307,0.0
14.859813084112151,-0.31548329820998955,-0.007699605624439859,-0.8477328119113375,0.0
14.899866488651536,-0.3363528031719408,-0.03177928058034843,-0.8391389172328768,0.0078125
14.939919893190922,-0.38261275049911486,0.0009326455434295264,-0.8197315581702695,0.00390625
14.979973297730307,-0.44059087627525584,-0.02577584799960378,-0.7896968496426643,0.0078125
15.020026702269693,-0.45242856885056715,-0.014285536722768305,-0.7833003854930205,0.01171875
15.06008010680908,-0.5206302944037534,-0.005687085739062597,-0.7398735340540346,0.0078125
15.100133511348465,-0.5409908163011239,-0.02842274810317339,-0.7246110621481082,0.0078125
15.14018691588785,-0.5776664114501739,-0.00010023598582262205,-0.6963316029332398,0.03125
15.180240320427236,-0.6284202926407898,-0.020646733179922494,-0.6505874569172908,0.02734375
15.220293724966623,-0.6372554935951265,-0.013659975174392769,-0.6421378724886072,0.0234375
15.260347129506009,-0.691295760740345,-0.004069151318374431,-0.5837185498365518,0.0625
15.300400534045394,-0.7091012163501849,-0.023031666206027666,-0.5614939649679255,0.0390625
15.34045393858478,-0.7349360686128393,-0.0012785180630430493,-0.5277210586229292,0.05078125
15.380507343124165,-0.7739711228376298,-0.014840553224077069,-0.46834063264147385,0.08984375
15.420560747663552,-0.7798309030670232,-0.011622385064059881,-0.45856592222508685,0.05859375
15.460614152202938,-0.8164461140698042,-0.0030520312950046424,-0.3897511132066116,0.09765625
15.500667556742323,-0.8294018077547537,-0.01602308273503906,-0.3609076210300135,0.109375
15.540720961281709,-0.8442158010271565,-0.0023496342791962943,-0.3249980073651923,0.109375
15.580774365821096,-0.867707336867557,-0.008958793261545583,-0.2553671463977785,0.1015625
15.620827770360481,-0.8706675265595567,-0.008155346408192155,-0.24482515285798107,0.125
15.660881174899867,-0.8880902151454064,-0.0027187035066951193,-0.17086172667999383,0.17578125
15.700934579439252,-0.8938738668449702,-0.007975000720214563,-0.13649191174611913,0.17578125
15.74098798397864,-0.8984341035372854,-0.0030584208264899937,-0.10147260557341281,0.1796875
15.781041388518025,-0.903625579123565,-0.0035540666605438087,-0.026056110414183764,0.26953125
15.82109479305741,-0.9037162573958071,-0.003415108299759828,-0.015189106063496494,0.265625
15.861148197596796,-0.901776513467652,-0.003033800485771898,0.05850770656625559,0.26953125
15.901201602136181,-0.8983030596181815,0.00042698615194257383,0.09652788968482795,0.3046875
15.941255006675568,-0.894114679748387,-0.003196422155676504,0.12819407197698235,0.3359375
15.981308411214954,-0.87962911450226,0.000922076098814395,0.20420660857943812,0.37109375
16.02136181575434,-0.8767861783163343,0.0022671003532771516,0.21498510566863005,0.34765625
16.061415220293725,-0.8568518942857064,-0.0038556172864651628,0.2833121317270451,0.4296875
16.10146862483311,-0.8425606981726166,0.008465918317166088,0.3223837647914271,0.41015625
16.141522029372496,-0.8316033087727828,-0.0026392517707150565,0.34894081863626475,0.40625
16.181575433911885,-0.7976274541119046,0.004168286730568294,0.420076237898825,0.4609375
16.22162883845127,-0.7917037454238368,0.008419561026459521,0.4302854279325893,0.52734375
16.261682242990656,-0.7564873846723752,-0.004968397168489833,0.488881211564383,0.55859375
16.30173564753004,-0.7306021830575467,0.015465081535916816,0.5258419719772525,0.58203125
16.341789052069426,-0.7150575895435202,-0.0013744003557799034,0.5462857995558517,0.6328125
16.381842456608812,-0.6633800801137774,0.006050929278103301,0.6072726342001306,0.6953125
16.421895861148197,-0.654208209841096,0.014469992191657066,0.6162834633797605,0.65234375
16.461949265687583,-0.6074430414252201,-0.006120268694018938,0.6618661524485953,0.65234375
16.502002670226968,-0.570178363600997,0.02086202048787207,0.6932404111411735,0.74609375
16.542056074766357,-0.5521769853785822,0.0004884407647574862,0.7072733014364558,0.703125
16.582109479305743,-0.4860732681949703,0.006606592336851819,0.7535204780608915,0.8046875
16.622162883845128,-0.4735702853262975,0.01980902882408861,0.7605116779516424,0.76171875
16.662216288384514,-0.41961597320758154,-0.007069036660292141,0.7910938447142449,0.765625
16.7022696929239,-0.3722933109969238,0.02426212335133464,0.8134125031741578,0.84375
16.742323097463284,-0.3537120294464313,0.0027190032964619637,0.8213247958845072,0.828125
16.78237650200267,-0.27767882604336075,0.006022567503750881,0.8493448301367881,0.79296875
16.822429906542055,-0.2619762293611465,0.023856585577820416,0.853311828369494,0.875
16.862483311081444,-0.20538373250775624,-0.007621808606437469,0.8682773622106208,0.87890625
16.90253671562083,-0.15043749981600757,0.02547642564866671,0.8784352350083746,0.8515625
16.942590120160215,-0.13276731558564164,0.00499163506361909,0.8809401271325558,0.890625
16.9826435246996,-0.05213900839874956,0.00459975643930699,0.8886718190911664,0.90625
17.022696929238986,-0.03370698312497591,0.026130379354295057,0.8884954016884884,0.88671875
17.06275033377837,0.021201972970165187,-0.007665256842208364,0.8885384569238928,0.88671875
17.102803738317757,0.080344135267906,0.0245356018902806,0.8841502776695545,0.86328125
17.142857142857142,0.09605337703169198,0.006923763582458588,0.8822011522995096,0.93359375
17.182910547396528,0.17557265127037808,0.0027036473766782615,0.8691975877540776,0.8515625
17.222963951935917,0.19582955869948665,0.026303451962053834,0.8637689320675714,0.89453125
17.263017356475302,0.24532978256204518,-0.007186090448720017,0.8507101324971272,0.84765625
17.303070761014688,0.3044841339745623,0.021676493684229442,0.8304233800410847,0.8515625
17.343124165554073,0.3176048138356262,0.008125026605835861,0.8250425802099263,0.83984375
17.38317757009346,0.39044316773275506,0.0007102625143279861,0.7925049808838178,0.7890625
17.423230974632844,0.41114378465701873,0.02424614279976576,0.7808934840360764,0.76953125
17.46328437917223,0.4523823302190246,-0.006272302761028366,0.7574019236099017,0.765625
17.503337783711615,0.506948725375877,0.017309534021346884,0.7211274348229784,0.7890625
17.543391188251,0.5171979826740228,0.008251823457487928,0.713270835638128,0.7265625
17.58344459279039,0.5784036559875606,-0.0010427233376972822,0.6639253969899956,0.6640625
17.623497997329775,0.597722164539867,0.02004865774031761,0.6455666936021681,0.66796875
17.66355140186916,0.628882995823253,-0.0050978582065569905,0.6148243469706081,0.671875
17.703604806408546,0.6742525541706906,0.011965953502975468,0.5638524109452555,0.578125
17.74365821094793,0.6815790642581825,0.007059915391354699,0.5543260781499393,0.66015625
17.783711615487316,0.7272416181879554,-0.0022989543116262445,0.4921572396967733,0.56640625
17.823765020026702,0.7430159394535575,0.014015148518235765,0.4670334835822683,0.53125
17.863818424566087,0.7633630150172886,-0.0038973740239056087,0.43238306106893626,0.51171875
17.903871829105476,0.7953566457089936,0.006233698778356278,0.3693652368513919,0.4140625
17.943925233644862,0.7998148179422448,0.0044455426184330515,0.35880068832874684,0.4609375
17.983978638184247,0.827380945015946,-0.0029117033536701364,0.28867046078777836,0.33984375
18.024032042723633,0.8372980354487655,0.006636895522559964,0.25745284125943635,0.40234375
18.064085447263018,0.847103469711076,-0.0029248968383692453,0.2220690503240908,0.33984375
18.104138851802404,0.8623925181309446,0.0006891961321209283,0.15085951221678717,0.3203125
18.14419225634179,0.8640340326064129,0.0004714620493090904,0.13974362811860136,0.359375
18.184245660881174,0.8724840681722261,-0.0028562446278959652,0.06693758136458516,0.37890625
18.22429906542056,0.8743204502846328,-0.00146314316027377,0.03106385946271939,0.26953125
18.26435246995995,0.8746966163826154,-0.002416778238015005,-0.0023178919528310526,0.265625
18.304405874499334,0.8711577381790139,-0.00416856829661888,-0.0769503874549004,0.2421875
18.34445927903872,0.8699598183470745,-0.004628536426150798,-0.0882038407303436,0.1953125
18.384512683578105,0.8598359597210752,-0.002221765189713093,-0.15845502247669208,0.1640625
18.42456608811749,0.8517361333976226,-0.009586176553181017,-0.1967892205865429,0.14453125
18.464619492656876,0.8444024564327665,-0.002543895749174796,-0.22606220133761373,0.17578125
18.50467289719626,0.821372270710599,-0.007959597027890397,-0.29882757276654975,0.1015625
18.544726301735647,0.8172182583370033,-0.010457509664372588,-0.30978534935714175,0.1015625
18.584779706275032,0.7905019577283086,-0.0011840602886305507,-0.3727606721415375,0.10546875
18.62483311081442,0.7712501124823434,-0.01703572354097392,-0.41070755695959965,0.08203125
18.664886515353807,0.7582662081557212,-0.0033769938806224586,-0.4344885364759516,0.078125
18.704939919893192,0.7166563508254742,-0.010462574313991724,-0.5000356627774969,0.03125
18.744993324432578,0.7093719303879817,-0.016496611873485334,-0.5101547613791286,0.0703125
18.785046728971963,0.6692308224363801,2.18587673402465e-05,-0.5620275839699101,0.05078125
18.82510013351135,0.6384905010617665,-0.023191236636596765,-0.5962881753007502,0.04296875
18.865153538050734,0.6219935533402994,-0.004873272327212186,-0.6139187377078693,0.0234375
18.90520694259012,0.5642594529144487,-0.01162638672250954,-0.667316235722854,0.015625
18.94526034712951,0.5536949764278324,-0.022157507928239423,-0.6758793817776307,0.0234375
18.985313751668894,0.5041246831009792,0.0011485116554494287,-0.7139958788414679,0.02734375
19.02536715620828,0.4626021257057963,-0.027570489531786882,-0.7411018676095001,0.015625
19.065420560747665,0.4445792418158147,-0.006865158565750179,-0.7525674637323021,0.00390625
19.10547396528705,0.3745342924183666,-0.011560045569259436,-0.7897550095289704,0.01171875
19.145527369826436,0.3606857900441767,-0.026845071968607845,-0.7958510301675016,0.01171875
19.18558077436582,0.3061034567019931,0.001976588987504989,-0.8188790824859076,0.02734375
19.225634178905207,0.2556147367103255,-0.029876260230838753,-0.8355300335334424,0.0
19.265687583444592,0.23773603874284216,-0.009077930870123513,-0.8413192657312063,0.0078125
19.30574098798398,0.16023490818959568,-0.010504623715618847,-0.8594832575316059,0.00390625
19.345794392523366,0.14337097376400545,-0.030024547157775805,-0.8620441061859385,0.0
19.385847797062752,0.08818557665740406,0.002350300253249937,-0.8699851968347468,0.0
19.425901201602137,0.03160464260569865,-0.030023232177587608,-0.8734052614693167,0.0
19.465954606141523,0.015128566594381268,-0.011158693976654165,-0.8743364441304302,0.0
19.506008010680908,-0.06435537593424676,-0.008791792654197439,-0.8721692302177083,0.0
19.546061415220294,-0.083580040678878,-0.03128619410626139,-0.8700654946901127,0.0
19.58611481975968,-0.13536012006986795,0.0022038455596621563,-0.8641359636720753,0.01171875
19.626168224299064,-0.19427441585671276,-0.02813849545683382,-0.8524100431929743,0.0078125
19.666221628838453,-0.2085198101830089,-0.012719817667444747,-0.8494544427804945,0.00390625
19.70627503337784,-0.2843758823365946,-0.006791084709451209,-0.8272702960896741,0.01171875
19.746328437917224,-0.3048482640184223,-0.030394327052086792,-0.819457188222091,0.01171875
19.78638184245661,-0.34993715198114833,0.0015725266745285002,-0.8018608679062988,0.00390625
19.826435246995995,-0.40682427858041276,-0.02453936099119225,-0.7742097602315012,0.01953125
19.86648865153538,-0.418392742151133,-0.01339089219248546,-0.7683382335720512,0.00390625
19.906542056074766,-0.48536634624020636,-0.004859054786143513,-0.7280345180140593,0.0234375
19.94659546061415,-0.505506841924346,-0.027320629118958627,-0.713730379353675,0.02734375
19.98664886515354,-0.5415636846481778,0.0005862487120945337,-0.6873547588692146,0.01171875
20.026702269692926,-0.5918316754570532,-0.01969116391393541,-0.6443132494241464,0.03125
20.06675567423231,-0.6005632642409724,-0.01287389480497908,-0.6363867163063638,0.02734375
20.106809078771697,-0.6542110155990009,-0.0032942546977133835,-0.5812547006168161,0.05078125
20.146862483311082,-0.6720403471309322,-0.022253486418736694,-0.5601268552648346,0.0390625
20.186915887850468,-0.6977745622342849,-0.000551201823449643,-0.5282013440432259,0.0625
20.226969292389853,-0.7370235268678703,-0.014149033049800919,-0.47167263865520537,0.08984375
20.26702269692924,-0.7429244048683084,-0.010987384380228338,-0.46238788304358397,0.0625
20.307076101468624,-0.779984725267127,-0.0022975073949006997,-0.3967940232726923,0.10546875
20.347129506008013,-0.7932684611094918,-0.01558088126004262,-0.36912301284880056,0.078125
20.3871829105474,-0.8084287950600916,-0.0015926719660644961,-0.3348795749216318,0.125
20.427236315086784,-0.8328760350111584,-0.008491348984264013,-0.2680530128252386,0.16015625
20.46728971962617,-0.8360014000921874,-0.007702841973018182,-0.2579454627355622,0.13671875
20.507343124165555,-0.8546444342759135,-0.001957470780815984,-0.18691854761572158,0.15625
20.54739652870494,-0.8611028690845501,-0.007854726243275703,-0.15371171771323738,0.1953125
20.587449933244326,-0.8663590534240863,-0.0022926501245853492,-0.12008537788785267,0.18359375
20.62750333778371,-0.8732346135964639,-0.003258661315560185,-0.04721870873869399,0.2109375
20.667556742323097,-0.8735955430503202,-0.0031647141813749835,-0.036713810260929125,0.2734375
20.707610146862486,-0.8735291843050632,-0.002245569552822263,0.03451861935419376,0.25390625
20.74766355140187,-0.8710979555656374,0.00026578333925005027,0.07148853090652546,0.30078125
20.787716955941256,-0.8678436409672535,-0.002446486096640943,0.10209040593854796,0.33203125
20.827770360480642,-0.8556910638281812,0.0011086325189811341,0.17600670028503784,0.359375
20.867823765020027,-0.8532111020866604,0.0023185062273719526,0.18651040832803034,0.328125
20.907877169559413,-0.835639759828469,-0.0030291553775114166,0.25298735014845336,0.359375
20.947930574098798,-0.8227435219099525,0.008088057803040685,0.2912347768851002,0.40234375
20.987983978638184,-0.8128455305956017,-0.0019270037868795997,0.3170756103818958,0.44140625
21.02803738317757,-0.7817184116330461,0.0043091636851498305,0.3867411774103937,0.46484375
21.068090787716958,-0.7762363918248747,0.008296143527493804,0.39677891793838316,0.4765625
21.108144192256344,-0.7436758929032108,-0.004100716039327226,0.4542255492460878,0.50390625
21.14819759679573,-0.7194886220453659,0.014955352937265437,0.49070111039367087,0.58203125
21.188251001335114,-0.7050260264557906,-0.0007143078856475249,0.5107642237406138,0.57421875
21.2283044058745,-0.656531575012125,0.006205032420425471,0.5710371746162599,0.6328125
21.268357810413885,-0.6478652022921043,0.014218305575006585,0.5799986482790805,0.66015625
21.30841121495327,-0.6038453170436789,-0.005220474650404525,0.6251594379114329,0.66796875
21.348464619492656,-0.5684930755644005,0.020312193664241376,0.6564882173356986,0.671875
21.388518024032045,-0.5515102377837096,0.001087979148103435,0.6704380472811982,0.6796875
21.42857142857143,-0.48870859876947514,0.0068205565938793955,0.7168009766555598,0.765625
21.468624833110816,-0.4767561251130907,0.019492250552388457,0.7238861272339097,0.734375
21.5086782376502,-0.42543892127688476,-0.00615285485437277,0.7547415841357581,0.765625
21.548731642189587,-0.38012220734175095,0.023764464600154675,0.7775303459164188,0.796875
21.588785046728972,-0.3624335040926049,0.0032636549615923383,0.7856027562856058,0.7890625
21.628838451268358,-0.2895921254834374,0.0063281103733860145,0.8145778708070126,0.84375
21.668891855807743,-0.2744550432558121,0.02355225119327191,0.8188034981908873,0.8125
21.70894526034713,-0.22022019540187615,-0.0067081432378238385,0.8346537825844441,0.8515625
21.748998664886518,-0.16722447292375855,0.02511537824891924,0.8458371850811329,0.8203125
21.789052069425903,-0.15028093378382887,0.005499902530412118,0.8486828749470379,0.83984375
21.82910547396529,-0.07251021950788926,0.005011633671174874,0.8581525712986552,0.828125
21.869158878504674,-0.054618419581242236,0.02592139198586172,0.8584169135617478,0.8671875
21.90921228304406,-0.0016531219300552884,-0.006773762144027426,0.8598321402919741,0.875
21.949265687583445,0.0557565982040383,0.02437914761773631,0.8570201494225498,0.83984375
21.98931909212283,0.0709231061251053,0.007426484776161757,0.8555298772079982,0.83984375
22.029372496662216,0.14811828702198696,0.003220396402053849,0.844929086732764,0.859375
22.0694259012016,0.16791240033999705,0.02627065282768399,0.8401315984861708,0.859375
22.10947930574099,0.21597081715113875,-0.006331972483428393,0.8287824622108801,0.80859375
22.149532710280376,0.2737741018804265,0.02177124509445519,0.810568444674372,0.83203125
22.18958611481976,0.28653584926729436,0.008662743213303209,0.8057078697520809,0.81640625
22.229639519359147,0.35774082298202403,0.0013170104536514293,0.7760680204544962,0.79296875
22.269692923898532,0.37811829991467927,0.02446001190366047,0.7652715656649169,0.78515625
22.309746328437917,0.4184553619582435,-0.005463909455466501,0.74366693401158,0.765625
22.349799732977303,0.47219916946062074,0.017677318280090337,0.7098584143010171,0.72265625
22.38985313751669,0.4822610741496125,0.008870685842429893,0.7025363823184366,0.69140625
22.429906542056077,0.5426254539532973,-0.00037086114486095667,0.6563771023381313,0.671875
22.469959946595463,0.5618266991920636,0.020560991567155282,0.6389911673454549,0.70703125
22.510013351134848,0.5926170182659432,-0.004335388149441802,0.6101577914786661,0.64453125
22.550066755674234,0.6378093860451611,0.012602967447238378,0.5618978234179884,0.671875
22.59012016021362,0.6451013372631386,0.0078049085928118545,0.5528842181950402,0.55859375
22.630173564753004,0.690752950257665,-0.0015922303988740172,0.49396490350554784,0.6015625
22.67022696929239,0.7066796893000071,0.014853909192056224,0.4699227212664446,0.58203125
22.710280373831775,0.7271356811457002,-0.0031718548671440527,0.4370662461347808,0.52734375
22.75033377837116,0.7596680668164807,0.007112158876240504,0.3768254451284912,0.49609375
22.79038718291055,0.7642232566031677,0.005354321994718636,0.36672547744945594,0.453125
22.830440587449935,0.7925802424996495,-0.0022003644224976027,0.2996846407008856,0.44921875
22.87049399198932,0.8029722131000836,0.007800722559210865,0.26958539647814456,0.3984375
22.910547396528706,0.8132822781908876,-0.002221244405091638,0.23577183866385598,0.3828125
22.95060080106809,0.8298419230328486,0.0017618654686509805,0.16720441617531284,0.3125
22.990654205607477,0.8316942194489776,0.0015689427398551947,0.1564858505235559,0.26171875
23.030707610146862,0.8416481300674036,-0.0021650571590889067,0.08640626335680945,0.265625
23.070761014686248,0.8443165930618096,8.222550078249014e-07,0.05159506496224331,0.23046875
23.110814419225633,0.8454903258526845,-0.0017125605724285231,0.019485363878677997,0.26171875
23.150867823765022,0.8439114476139746,-0.0029561920934768615,-0.052842205587735225,0.2265625
23.190921228304408,0.843022419655024,-0.0033321596592952862,-0.06378113109210859,0.19921875
23.230974632843793,0.8349760451417652,-0.001565058216542653,-0.1318346229915523,0.20703125
23.27102803738318,0.8280682909221095,-0.007873956810799478,-0.1692694003858794,0.14453125
23.311081441922564,0.8217146674009189,-0.001814882396026618,-0.19760679817344962,0.15234375
23.35113484646195,0.8012307654321353,-0.006670396245837484,-0.26859063491229074,0.15234375
23.391188251001335,0.7974717172089955,-0.008973527698865169,-0.2793318301965911,0.12890625
23.43124165554072,0.7732270036088884,-0.000569099258527328,-0.3407542113758451,0.12109375
23.47129506008011,0.7554983693769419,-0.015148164338257858,-0.37807746279125615,0.05078125
23.511348464619495,0.7435701758559634,-0.0026037864437176705,-0.40126372325857784,0.1015625
23.55140186915888,0.7049385625267088,-0.009157523532493717,-0.4657050335599409,0.08203125
23.591455273698266,0.6981210152573566,-0.01485988775569791,-0.47572268081269337,0.0703125
23.63150867823765,0.6606477782172129,0.000599005816450629,-0.5267457530318139,0.0390625
23.671562082777037,0.6316947677829595,-0.02121534988286565,-0.5607655151369787,0.05078125
23.711615487316422,0.616234703403733,-0.0040439085344411985,-0.5781181955262106,0.05078125
23.751668891855807,0.5617138760059424,-0.010358053436567538,-0.6311889472871652,0.01171875
23.791722296395193,0.5516727167783635,-0.020421926097106274,-0.6397857532375085,0.03125
23.831775700934582,0.5047686768536239,0.0016994536295316803,-0.6777552182483354,0.02734375
23.871829105473967,0.465195226260578,-0.025598530361519975,-0.7050922729601707,0.02734375
23.911882510013353,0.44811670508137796,-0.005978693529022222,-0.7165518080756066,0.01171875
23.951935914552738,0.3813008306791714,-0.010367949312326818,-0.7542359269876677,0.0078125
23.991989319092124,0.36800809649841076,-0.025080577107548366,-0.7605222948023485,0.0078125
24.03204272363151,0.3159057123416016,0.002518530132332686,-0.784050784735911,0.015625
24.072096128170895,0.26739396718071445,-0.027996351417806174,-0.801463921094181,0.0078125
24.11214953271028,0.2503160798642085,-0.008145501974371291,-0.8074615241939931,0.01171875
24.152202937249665,0.17583369699282736,-0.009412177047371878,-0.8269249532437131,0.01953125
24.192256341789054,0.15952452149178128,-0.02831106544840533,-0.8298527772135516,0.00390625
24.23230974632844,0.10647963021507965,0.0029026068100911607,-0.8388404691883513,0.00390625
24.272363150867825,0.05174875716730988,-0.028311573527789034,-0.843573213508291,0.0
24.31241655540721,0.035901101080786174,-0.010204552228568885,-0.8448656727920223,0.0078125
24.352469959946596,-0.040986058164353904,-0.00780554676254574,-0.8447165189591767,0.0
24.39252336448598,-0.05970275120981407,-0.02970527472856989,-0.8431700254391717,0.0078125
24.432576769025367,-0.10979321674723377,0.002784448274162573,-0.8386986405513533,0.0078125
24.472630173564752,-0.1671470170054526,-0.02665269562795848,-0.8288085929626564,0.00390625
24.51268357810414,-0.18094503709231807,-0.0117793437130084,-0.826308505922708,0.0078125
24.552736982643527,-0.25480513261657123,-0.005903167052093206,-0.8067202305258594,0.02734375
24.592790387182912,-0.2748727105184311,-0.029022322668487983,-0.7996567771355388,0.0
24.632843791722298,-0.3187864881801308,0.0021927183367355385,-0.7837765944200465,0.01171875
24.672897196261683,-0.37455760541795813,-0.023315372235354626,-0.7584089628967164,0.0234375
24.71295060080107,-0.3858533570421342,-0.01250933651392852,-0.7530356433979066,0.015625
24.753004005340454,-0.4515619310726918,-0.004052055109965064,-0.7157202869362287,0.015625
24.79305740987984,-0.47146554184904516,-0.026221490508467366,-0.7023427595290058,0.02734375
24.833110814419225,-0.506877557017525,0.0012482167727202453,-0.6777858537148562,0.01171875
24.873164218958614,-0.5566082900355013,-0.018740666869225153,-0.6373518529796656,0.03515625
24.913217623498,-0.5652268262392939,-0.012098551610237429,-0.6299257500178671,0.06640625
24.953271028037385,-0.6184131568248428,-0.0025420602660353453,-0.5779611157693562,0.03515625
24.99332443257677,-0.6362393726375408,-0.02146968586843065,-0.5579004274679098,0.046875
25.033377837116156,-0.6618301468799658,0.0001469424465247171,-0.5277513851778527,0.0625
25.07343124165554,-0.7012152346241232,-0.013458815252013423,-0.4739917621135641,0.05859375
25.113484646194927,-0.7071433699417344,-0.010362340542838078,-0.46517937652851676,0.07421875
25.153538050734312,-0.7445533646585458,-0.0015728647070869517,-0.40270922131866527,0.09375
25.193591455273697,-0.7581267025725286,-0.015130038933162029,-0.37618619059282443,0.09765625
25.233644859813086,-0.7735786965869431,-0.0008733528298255633,-0.3435553306459934,0.109375
25.273698264352472,-0.7988831815531142,-0.008028037107357,-0.2794699281294969,0.140625
25.313751668891857,-0.8021564950846132,-0.00726298740243958,-0.26978458817839035,0.16015625
25.353805073431243,-0.8219044162016613,-0.0012341438128752047,-0.20162531594062838,0.125
25.39385847797063,-0.828990214351643,-0.007726004741252681,-0.16956562385074003,0.2265625
25.433911882510014,-0.8348817306728228,-0.0015716620842214368,-0.13729696066513475,0.203125
25.4739652870494,-0.8433230895360215,-0.0029708108899936247,-0.06694261256231127,0.23828125
25.514018691588785,-0.8439371598027303,-0.002927415833671454,-0.056793152436807715,0.21875
25.554072096128174,-0.8456191987611134,-0.0015024058647827576,0.012011894331549589,0.29296875
25.59412550066756,-0.8441734346002621,0.00011226271918798186,0.047935390491282814,0.2890625
25.634178905206944,-0.8417916667110299,-0.001745521800551153,0.07749036425565498,0.265625
25.67423230974633,-0.8318456582019981,0.0012807258936756716,0.14931774356790184,0.296875
25.714285714285715,-0.8297096020271999,0.0023545421044054438,0.1595478704906063,0.33203125
25.7543391188251,-0.8143730897379783,-0.0022542251688532633,0.22417885161036338,0.3515625
25.794392523364486,-0.802810730390162,0.007714385263047685,0.2615908116526493,0.41796875
25.83444592790387,-0.7939153568112556,-0.0012674558490257115,0.2867168295479436,0.421875
25.874499332443257,-0.7655086815649738,0.0044273173993218395,0.3548874594740023,0.453125
25.914552736982646,-0.7604506520138282,0.008152898176831291,0.3647494289259357,0.4375
25.95460614152203,-0.7304261698315541,-0.003293408088771016,0.4210196858698806,0.484375
25.994659546061417,-0.7078746931122967,0.014439609599806835,0.45698196469865104,0.546875
26.034712950600802,-0.6944445247797373,-0.0001133132560828809,0.47665240140480714,0.60546875
26.074766355140188,-0.6490121490257721,0.006325058255261695,0.5361542909313902,0.59765625
26.114819759679573,-0.640836207437032,0.013938504417651043,0.5450567632522109,0.625
26.15487316421896,-0.5994559538104641,-0.004387384742456327,0.589741243556671,0.6328125
26.194926568758344,-0.5659590981508177,0.019743970320820745,0.6209786282095542,0.6171875
26.23497997329773,-0.5499556554112464,0.0016249536446744928,0.6348236214671641,0.6484375
26.27503337783712,-0.49035180162952774,0.006989518391284477,0.681215928307648,0.75
26.315086782376504,-0.4789363487720653,0.01913859435850876,0.6883800994933043,0.67578125
26.35514018691589,-0.43017209857865796,-0.005307783427216165,0.7194328495669116,0.71484375
26.395193591455275,-0.38681335254999866,0.023234571001941096,0.7426288009831589,0.77734375
26.43524699599466,-0.36998797298932884,0.0037416038550214803,0.750833134923093,0.8046875
26.475300400534046,-0.30025857248272547,0.006578627127750009,0.7806527668662833,0.80859375
26.51535380507343,-0.2856777183844148,0.023199949771119874,0.7851172324639297,0.78515625
26.555407209612817,-0.2337404031188681,-0.005868527461896009,0.8017615670125274,0.83203125
26.595460614152206,-0.18266260134032059,0.024707332608903097,0.8138927775253422,0.79296875
26.63551401869159,-0.16642687533035727,0.005937651247610906,0.817048027419442,0.83984375
26.675567423230977,-0.09146386006231585,0.005360489755435016,0.8281281227555437,0.87890625
26.715620827770362,-0.07410831920970753,0.025652587286169357,0.8288092154793779,0.828125
26.755674232309747,-0.023052520489378277,-0.005956673827558054,0.8314985603693412,0.8359375
26.795727636849133,0.03263804648069322,0.02416193548434971,0.8301740636280716,0.82421875
26.83578104138852,0.04727100975913959,0.007855612755230744,0.8291111734019472,0.81640625
26.875834445927904,0.12215885734296156,0.0036690464735326736,0.8207769874929234,0.8203125
26.91588785046729,0.14148749723536969,0.02616626628123552,0.8165832390994637,0.8125
26.955941255006678,0.1881132983805954,-0.005550386149453711,0.8068460029784981,0.83203125
26.995994659546064,0.24455524357659686,0.02179319583120877,0.7906099629856279,0.7890625
27.03604806408545,0.2569588497256471,0.009123729908078429,0.7862406555558205,0.79296875
27.076101468624834,0.3265126503634205,0.0018523980029621079,0.7593624584976372,0.765625
27.11615487316422,0.3465552426516037,0.024589755576251093,0.7493521436292693,0.76171875
27.156208277703605,0.38597710462345536,-0.004726341112586671,0.729543269525194,0.74609375
27.19626168224299,0.4388624964184985,0.01796124374702332,0.698106460640057,0.7421875
27.236315086782376,0.44873121740037347,0.00940807734547508,0.691294119509891,0.72265625
27.27636849132176,0.508203667305178,0.00022802699195212384,0.6481941815061382,0.6328125
27.31642189586115,0.5272660414087568,0.020977369588063295,0.6317528549598881,0.65234375
27.356475300400536,0.5576526331326095,-0.0036419803316488225,0.6047490511113666,0.6484375
27.39652870493992,0.6026052170964082,0.0131473009941806,0.5591145639175734,0.58984375
27.436582109479307,0.6098515339306372,0.008463489898042853,0.5505938914241705,0.546875
27.476635514018692,0.6554124909667317,-0.0009578323041754822,0.49481502819294515,0.5703125
27.516688918558078,0.6714602386526118,0.015585770886727128,0.47182988810145393,0.5625
27.556742323097463,0.6919775949747168,-0.0025137102744185735,0.44070349654412455,0.453125
27.59679572763685,0.7249628864895186,0.007891751738946517,0.38316818924947443,0.44921875
27.636849132176238,0.7296016841598798,0.006171787252417904,0.3735185419580186,0.48046875
27.676902536715623,0.7586481193648289,-0.0015589262668286308,0.30948234191893054,0.42578125
27.71695594125501,0.7694739143228837,0.008851662480213629,0.2804835881285678,0.41015625
27.757009345794394,0.7802331594800674,-0.001583079882086752,0.24819373401541878,0.34765625
27.79706275033378,0.7979586715758893,0.002735376898511832,0.18221820086705498,0.3828125
27.837116154873165,0.8000052587412072,0.0025715911380367884,0.17188834821514204,0.3515625
27.87716955941255,0.8113464912403037,-0.0015414706907681541,0.10447916405050933,0.2734375
27.917222963951936,0.8147944849011393,0.0013457703325765978,0.0707227400665405,0.27734375
27.95727636849132,0.8167070981531275,-0.0010731772003961804,0.03985638498672628,0.28515625
27.99732977303071,0.8169689730428863,-0.0018453899859982026,-0.030189748918716786,0.2578125
28.037383177570096,0.8163727029907071,-0.0021350408419779643,-0.040816987015844686,0.2265625
28.07743658210948,0.8102791004317302,-0.0009759434408388445,-0.10669772014688217,0.1796875
28.117489986648867,0.8045060289470783,-0.00628469391731136,-0.14322751380994653,0.21484375
28.157543391188252,0.7990747767882883,-0.0011536774350256462,-0.17064151801594418,0.1875
28.197596795727637,0.781011731526884,-0.00548314224247104,-0.23983697272357596,0.13671875
28.237650200267023,0.7776290509502296,-0.00759425384837914,-0.2503586506702925,0.09765625
28.27770360480641,0.7557347174301821,-2.1240246689840925e-05,-0.3102217708594135,0.10546875
28.317757009345794,0.7394683717793529,-0.01338410511163321,-0.3468998568260382,0.15234375
28.357810413885183,0.7285424694873947,-0.0019012168113661243,-0.3694893657661366,0.05859375
28.397863818424568,0.6927655391968757,-0.007951112312365005,-0.4327861546409791,0.06640625
28.437917222963954,0.6863979121193747,-0.013328061686402659,-0.4426937437249526,0.08203125
28.47797062750334,0.651481862720344,0.0011093482357392714,-0.49283220865423927,0.05859375
28.518024032042725,0.6242567157336387,-0.01935908730357913,-0.526572028733925,0.0625
28.55807743658211,0.6097891220313162,-0.003286422911444875,-0.5436334328399659,0.0625
28.598130841121495,0.5583699384899138,-0.009183474295356209,-0.5963084336272866,0.01171875
28.63818424566088,0.5488370185129812,-0.018789089802246084,-0.6049247013550689,0.05859375
28.67823765020027,0.5045046007139735,0.0021836465765148333,-0.6426884003624996,0.015625
28.718291054739655,0.4668260713659157,-0.02373833315463819,-0.6701995240419933,0.03515625
28.75834445927904,0.4506579663243616,-0.00516501832153507,-0.6816316452755885,0.01953125
28.798397863818426,0.3869781711790732,-0.009263905405128808,-0.719716571556097,0.01953125
28.83845126835781,0.37423001268726314,-0.02341343214879779,-0.7261736437358346,0.01953125
28.878504672897197,0.3245345262366433,0.0029932108677064844,-0.7501260377536311,0.0078125
28.918558077436582,0.2779574435297699,-0.02621792327270138,-0.7682278366061868,0.01171875
28.958611481975968,0.26165601183308523,-0.007286008870779556,-0.7744078017515474,0.00390625
28.998664886515353,0.1901253937597258,-0.008402487881680576,-0.7950540072691662,0.0078125
29.038718291054742,0.17436343911807314,-0.026686707774067203,-0.7983240694083878,0.01171875
29.078771695594128,0.12341068714753442,0.0033866675114245406,-0.808270890181161,0.00390625
29.118825100133513,0.07050466777482,-0.026689554403105296,-0.8142291426443452,0.00390625
29.1588785046729,0.05527122761952555,-0.009321944555176032,-0.8158551959747368,0.0078125
29.198931909212284,-0.019055082292222806,-0.006897077799454486,-0.8175941427599789,0.00390625
29.23898531375167,-0.03726536151279573,-0.028203101114031067,-0.8165758754652751,0.00390625
29.279038718291055,-0.08568926461791543,0.003295108720250741,-0.8134714484266198,0.0078125
29.31909212283044,-0.1414862093350261,-0.02524405464355957,-0.8053210245667366,0.00390625
29.359145527369826,-0.154842165063424,-0.010907722956140717,-0.8032495720779332,0.01171875
29.399198931909215,-0.22670871430694473,-0.00508872884916621,-0.7861223307515172,0.01171875
29.4392523364486,-0.2463659338359074,-0.027715856225980467,-0.7797759663333967,0.01171875
29.479305740987986,-0.28910464064600916,0.0027430604780141962,-0.76552500446202,0.0390625
29.51935914552737,-0.34374044968546014,-0.022153939262713418,-0.7423396707704717,0.01953125
29.559412550066757,-0.35476216349780454,-0.011688508937794023,-0.7374415575134778,0.0078125
29.599465954606142,-0.4191763736695302,-0.003311098059536971,-0.7029836789078786,0.01953125
29.639519359145527,-0.4388283707540508,-0.025170044176703626,-0.6904989440408497,0.015625
29.679572763684913,-0.47357454828457235,0.0018444123350551678,-0.6676828189656412,0.02734375
29.719626168224302,-0.522722594284509,-0.017835976251751123,-0.6297577574345746,0.0234375
29.759679572763687,-0.53122074213911,-0.01137193474537207,-0.6228136180463283,0.0234375
29.799732977303073,-0.5838851180293927,-0.0018470597284239998,-0.5738979491612552,0.03125
29.83978638184246,-0.6016830760428497,-0.020713147748215636,-0.5548718124725132,0.03125
29.879839786381844,-0.6270924302475,0.000787218127773659,-0.5264348155378766,0.0625
29.91989319092123,-0.6665433979129322,-0.012796292085778704,-0.47535587184121086,0.0625
29.959946595460615,-0.67248682852231,-0.009769298971384621,-0.46700224179127187,0.05078125
30.0,-0.7101595406514101,-0.0008940697856164581,-0.4075577057665235,0.0546875
